clip_1000,Lula
clip_1001,James
clip_1002,Elena
clip_1003,James
clip_1004,Jess
clip_1005,Mark
clip_1006,James
clip_1007,James
clip_1008,James
clip_1009,James
clip_1010,James
clip_1011,James
clip_1012,Chris
clip_1013,Swati
clip_1014,Cat
clip_1015,Elena
clip_1016,Lula
clip_1017,Ken
clip_1018,Lula
clip_1019,Ken
clip_1020,Lula
clip_1021,Ken
clip_1022,Chris
clip_1023,Swati
clip_1024,Chris
clip_1025,Swati
clip_1026,Mark
clip_1027,Jess
clip_1028,Mark
clip_1029,Jess
clip_1030,Ken
clip_1031,Jess
clip_1032,Chris
clip_1033,Chris
clip_1034,Swati
clip_1035,Mark
clip_1036,Jess
clip_1037,Lula
clip_1038,Cat
clip_1039,Lula
clip_1040,Ken
clip_1041,Chris
clip_1042,Swati
clip_1043,Chris
clip_1044,Swati
clip_1045,Bono
clip_1046,Bono
clip_1047,Bono
clip_1048,Bono
clip_1049,Bono
clip_1050,Yoon
clip_1051,Yoon
clip_1052,Yoon
clip_1053,Yoon
clip_1054,Yoon
clip_1055,Yoon
clip_1056,Yoon
clip_1057,Cass
clip_1058,Cass
clip_1059,Cass
clip_1060,Cass
clip_1061,Cass
clip_1062,Cass
clip_1063,Cass
clip_1064,Cass
clip_1065,Adam
clip_1066,Adam
clip_1067,Adam
clip_1068,Adam
clip_1069,Adam
clip_1070,Adam
clip_1071,Adam
clip_1072,Adam
clip_1073,Bono
clip_1074,Bono
clip_1075,Elena
clip_1076,Mark
clip_1077,Jess
clip_1078,Elena
clip_1079,Mark
clip_1080,Jess
clip_1081,Elena
clip_1082,Mark
clip_1083,Jess
clip_1084,Liquid
clip_1085,Liquid
clip_1086,Liquid
clip_1087,Liquid
clip_1088,Liquid
clip_1089,Liquid
clip_1090,Sarah
clip_1091,Sarah
clip_1092,Sarah
clip_1093,Sarah
clip_1094,Sarah
clip_1095,Sarah
clip_1096,Sarah
clip_1097,Sarah
clip_1098,Fraust
clip_1099,Fraust
clip_1100,Fraust
clip_1101,Fraust
clip_1102,Fraust
clip_1103,Fraust
clip_1104,Chris
clip_1105,Chris
clip_1106,Swati
clip_1107,Elena
clip_1108,Cat
clip_1109,Cat
clip_1110,Lula
clip_1111,Ken
clip_1112,Elena
clip_1113,Cat
clip_1114,Cat
clip_1115,Cat
clip_1116,Lula
clip_1117,James
clip_1118,James
clip_1119,James
clip_1120,James
clip_1121,James
clip_1122,James
clip_1123,James
clip_1124,Mark
clip_1125,Jess
clip_1126,Lula
clip_1127,Lula
clip_1128,Lula
clip_1129,Ken
clip_1130,Lula
clip_1131,Ken
clip_1132,Elena
clip_1133,Chris
clip_1134,Chris
clip_1135,Mark
clip_1136,Jess
clip_1137,Elena
clip_1138,Cat
clip_1139,Cat
clip_1140,Jess
clip_1141,Mark
clip_1142,Chris
clip_1143,Chris
clip_1144,Elena
clip_1145,Lula
clip_1146,Ken
clip_1147,Mark
clip_1148,Jess
clip_1149,Ken
clip_1150,Lula
clip_1151,Lula
clip_1152,Ken
clip_1153,Elena
clip_1154,Ken
clip_1155,Chris
clip_1156,Mark
clip_1157,Jess
clip_1158,Liquid
clip_1159,Liquid
clip_1160,Liquid
clip_1161,Liquid
clip_1162,Liquid
clip_1163,Liquid
clip_1164,Liquid
clip_1165,Sarah
clip_1166,Sarah
clip_1167,Sarah
clip_1168,Sarah
clip_1169,Sarah
clip_1170,Sarah
clip_1171,Sarah
clip_1172,Fraust
clip_1173,Fraust
clip_1174,Fraust
clip_1175,Fraust
clip_1176,Fraust
clip_1177,Fraust
clip_1178,Fraust
clip_1179,Bono
clip_1180,Bono
clip_1181,Bono
clip_1182,Bono
clip_1183,Bono
clip_1184,Bono
clip_1185,Bono
clip_1186,Yoon
clip_1187,Yoon
clip_1188,Yoon
clip_1189,Yoon
clip_1190,Yoon
clip_1191,Yoon
clip_1192,Yoon
clip_1193,Cass
clip_1194,Cass
clip_1195,Cass
clip_1196,Cass
clip_1197,Cass
clip_1198,Cass
clip_1199,Cass
clip_1200,Adam
clip_1201,Adam
clip_1202,Adam
clip_1203,Adam
clip_1204,Adam
clip_1205,Adam
clip_1206,Adam
clip_1207,Mark
clip_1208,Jess
clip_1209,Elena
clip_1210,Mark
clip_1211,Jess
clip_1212,Chris
clip_1213,Chris
clip_1214,Chris
clip_1215,Cat
clip_1216,Chris
clip_1217,Chris
clip_1218,Elena
clip_1219,Elena
clip_1220,Cat
clip_1221,Chris
clip_1222,Cat
clip_1223,Cat
clip_1224,Cat
clip_1225,Swati
clip_1226,Swati
clip_1227,Swati
clip_1228,Swati
clip_1229,Swati
clip_1230,Swati
clip_1231,Swati
clip_825,James
clip_826,James
clip_827,James
clip_828,James
clip_829,Elena
clip_830,Elena
clip_831,Fraust
clip_832,Fraust
clip_833,Fraust
clip_834,Fraust
clip_835,Sarah
clip_836,Sarah
clip_837,Sarah
clip_838,Sarah
clip_839,Cat
clip_840,Chris
clip_841,Swati
clip_842,Mark
clip_843,Jess
clip_844,Bono
clip_845,Bono
clip_846,Bono
clip_847,Bono
clip_848,Yoon
clip_849,Yoon
clip_850,Yoon
clip_851,Yoon
clip_852,Cass
clip_853,Cass
clip_854,Cass
clip_855,Adam
clip_856,Adam
clip_857,Adam
clip_858,Jess
clip_859,Mark
clip_860,Lula
clip_861,Lula
clip_862,Mark
clip_863,Jess
clip_864,Liquid
clip_865,Liquid
clip_866,Liquid
clip_867,Liquid
clip_868,Elena
clip_869,Lula
clip_870,Ken
clip_871,Lula
clip_872,Ken
clip_873,Chris
clip_874,Chris
clip_875,Swati
clip_876,Elena
clip_877,Cat
clip_878,Chris
clip_879,Chris
clip_880,Swati
clip_881,Cat
clip_882,Cat
clip_883,Chris
clip_884,Chris
clip_885,Swati
clip_886,Mark
clip_887,Jess
clip_888,James
clip_889,James
clip_890,James
clip_891,James
clip_892,James
clip_893,James
clip_894,James
clip_895,Elena
clip_896,Cat
clip_897,Cat
clip_898,Mark
clip_899,Jess
clip_900,Elena
clip_901,Elena
clip_902,Lula
clip_903,Ken
clip_904,Mark
clip_905,Jess
clip_906,Chris
clip_907,Swati
clip_908,Lula
clip_909,Chris
clip_910,Swati
clip_911,Elena
clip_912,Bono
clip_913,Bono
clip_914,Bono
clip_915,Bono
clip_916,Bono
clip_917,Bono
clip_918,Bono
clip_919,Yoon
clip_920,Yoon
clip_921,Yoon
clip_922,Yoon
clip_923,Yoon
clip_924,Yoon
clip_925,Yoon
clip_926,Cass
clip_927,Cass
clip_928,Cass
clip_929,Cass
clip_930,Cass
clip_931,Cass
clip_932,Cass
clip_933,Adam
clip_934,Adam
clip_935,Adam
clip_936,Adam
clip_937,Adam
clip_938,Adam
clip_939,Adam
clip_940,Chris
clip_941,Chris
clip_942,Cat
clip_943,Swati
clip_944,Mark
clip_945,Jess
clip_946,Cat
clip_947,Mark
clip_948,Jess
clip_949,Cat
clip_950,Mark
clip_951,Jess
clip_952,Elena
clip_953,Chris
clip_954,Swati
clip_955,Sarah
clip_956,Sarah
clip_957,Sarah
clip_958,Sarah
clip_959,Sarah
clip_960,Sarah
clip_961,Sarah
clip_962,Fraust
clip_963,Fraust
clip_964,Fraust
clip_965,Fraust
clip_966,Fraust
clip_967,Fraust
clip_968,Fraust
clip_969,Chris
clip_970,Swati
clip_971,Elena
clip_972,Elena
clip_973,Liquid
clip_974,Liquid
clip_975,Liquid
clip_976,Liquid
clip_977,Liquid
clip_978,Liquid
clip_979,Liquid
clip_980,Cat
clip_981,Jess
clip_982,Lula
clip_983,Ken
clip_984,Mark
clip_985,Chris
clip_986,Chris
clip_987,Swati
clip_988,Cat
clip_989,Lula
clip_990,Ken
clip_991,Ken
clip_992,Lula
clip_993,Ken
clip_994,Chris
clip_995,Chris
clip_996,Swati
clip_997,Lula
clip_998,Ken
clip_999,Elena
